email,password,name,phone,city,state,country,postcode,website,activties,legelentuty,descripiton,address
rajindermohan002@gmail.com,123456,rajinder mohan,1234567980,mohali,punjab,india,160055,www.test.com,x,,,pahse 3b2 mohali
rajsharma@gmail.com,123457,test1,1234567981,mohali,punjab,india,160056,www.test1.com,y,,,Phase 7 mohali
aviox@gmail.com,123458,test2,1234567982,mohali,punjab,india,160057,www.tv.com,z,,,Sector 72 mohali
netest@gmail.com,123459,test3,1234567983,mohali,punjab,india,160058,www.aviox.com,a,,,"Sector 73,mohali"
aaa@gmail.com,123456789,test4,1234567890,mohali,punjab,india,160059,www.aa.com,aa,,,Sector 74 mohali
bbb@mail.com,147852,test5,1234567893,mohali,punjab,india,160060,www.bb.com,b,,,Sector 43 chandigarh
ccc@gmail.com,546565,test6,534544214,mohali,punjab,india,160061,www.cc.com,c,,,Phase 5 mohali
dd@gmai.com,6536363,test7,63566532,mohali,punjab,india,160062,www.dd.com,d,,,
ee@gmail.com,54646461,test8,46549974,mohali,punjab,india ,160063,www.ee.com,hgjg,hjhj,,
ff@gmail.com,5656164164,test9,12145434,mohali,punjab,india,160064,www.ff.com,f,,,
gg@gmail.com,545218534,test10,4873214,mohali,punjab,india,160065,www.aa.com,dj,asda,,
hh@gmailo.com,5489562,test11,362464,mohali,punjab,india,164447,www.aa.com,photographer,,,
gfd@gmail.com,654687,test12,4654845,mohali,punjab,india,1654654,www.aa.com,djas,dsd,,
sdds@gmail.com,44646,test13,6598,mohali,punjab,india,121,www.ddd.com,cric,djh,,
sss@gmail.com,6465,test14,6544,mohali,punjab,india,3415,www.ee.com,hrrr,jdbd,,
jhghg@gmail.com,123456,test15,65444444,mohali,punjab,india,3416,www.jh.com,jjjj,ojjo,,
arsh@gmail.com,145236,test16,12454554,mohali,punjab,india,65468,www.arsh.com,jhggy,jdks,,
gfh@gmail.com,5645469,test17,3546+465,mohali,punjab,india,52454,www.fgh.com,jklkm,jhgdh,,
gfsd@gmail.com,546546,test18,64545,mohali,punjab,india,54888,www.sds.com,gyu,hsgg,,
trh@gmail.com,897987,test19,564,mohali,punjab,india,8786,www.trh.com,DJJ,JDD,,
yyy@gmail.com,6544,test20,74894,mohali,punjab,india,65644,www.yy.com,yyy,YYY,,
zz@gmail.com,654654,test21,5448654,mohali,punjab,india,56114,www.zz.com,zzz,ZZZ,,
ii@gmail.com,65444,test22,5488455,mohali,punjab,india,160066,www.ii.com,aaa,AAA,,
jj@gmail.com,626,test23,8778,mohali,punjab,india,160067,www.jj.com,jjjj,JJJ,,
kk@gmail.com,6454,test24,456485,mohali,punjab,india,160068,www.kk.com,kk,KK,,
ll@gmail.com,12345,test25,1234567,mohali,punjab,india,160069,www.ll.com,lll,LLL,,
mm@gmail.com,123458,test26,518448,mohali,punjab,india,160070,www.mm.com,mm,MM,,
nn@gmail.com,145225,test27,9+8594,mohali,punjab,india,160071,www.nn.com,nn,NN,,
oo@gmail.com,654894,test28,65264,mohali,punjab,india,160072,www.oo.com,oo,OO,,
pp@gmail.com,48974,test29,64478,mohali,punjab,india,160073,www.pp.com,pp,PP,,
qq@gmail.com,56449,test30,546578,mohali,punjab,india,160074,www.qq.com,qq,QQ,,
rr@gmail.com,564545,test31,1521454,mohali,punjab,india,160075,www.rr.com,rr,RR,,
ss@gmail.com,254854985,test32,165456,mohali,punjab,india,160076,www.ss.com,ss,SS,this is s,
tt@gmail.com,123456,test33,1234567890,mohali,punjab,india,160077,www.tt.com,tt,TT,this is t,
uu@gmail.com,123456,test34,147852036,mohali,punjab,india,160078,www.uu.com,uu,UU,this is U,
vv2gmail.com,5645,test35,15645,mohali,punjab,india,160079,www.vv.com,vv,VV,this is V,
ww@gmail.com,66565,test36,15645,mohali,punjab,india,160080,www.ww.com,ww,WW,this is W,
aaaaa@gmail.com,55644,test37,465484,mohali,punjab,india,160081,www.aa.com,aaaAA,AAAA,this is A,
BBBBB@gmail.com,541544,test38,65448,mohali,punjab,india,160082,www.BB.com,BBBBB,BBB,this is B,
CCC@gmail.com,6654,test39,645564,mohali,punjab,india,160083,www.aa.com,ded,dfd,this is c,"phase8,mohali,india"
DDD@gmail.com,74484,test40,5645,mohali,punjab,india,160084,www.DD.com,DD,DDDD,this si D,Phase 3 mohali
EE@gmail.com,967489,test41,6526+5,mohali,punjab,india,160085,www.EE.com,EE,EEEE,this si E,Phase 5
FF@gmail.com,654654,test42,5+6458,mohali,punjab,india,1+645,www.aa.com,FF,FFFF,this is F,phase6
GG@gmail.com,6565,test42,46545,mohali,punjab,india,5645,www.aa.com,GG,GGGG,this is G,phase7
HH@gmailo.com,6+5440,test43,6544,mohali,punjab,india,4648,www.FF.com,HH,HHHH,this is h,Phase 8b mohali 
xyz@gmail.com,49654,test44,6165,mohali,punjab,india,61665,www.xyz.com,xyz,ZZZZZ,this is xyz,Sector 71 mohali
arshpreet@gmail.com,156584,test45,4564,mohali,punjab,india,1564,www.arsh.com,arsh,ARSH,my name is arsh,phase10 mohali
man@gmail.com,65456,test46,6154,mohali,punjab,india,455685,www.man.com,man,ghh,this is m,knjhghg dhgg
ihkkl@gmail.com,4564,test47,5154,mohali,punjab,india,49899,www.hkjh.com,dsdf,saddS,FDFSFF,ASDASD
